{"Pennsylvania": [2358, 0.26235], "Germany": [1901, 0.2115], "Virginia": [1082, 0.12038], "Armenia": [836, 0.09301], "Ohio": [756, 0.08411], "North Macedonia": [578, 0.06431], "California": [491, 0.05463], "Nevada": [335, 0.03727], "Tennessee": [138, 0.01535], "Michigan": [85, 0.00946], "Italy": [53, 0.0059], "New Jersey": [38, 0.00423], "South Carolina": [36, 0.00401], "Cambodia": [18, 0.002], "Vermont": [17, 0.00189], "North Carolina": [16, 0.00178], "Colorado": [15, 0.00167], "Greece": [14, 0.00156], "Montana": [12, 0.00134], "Spain": [12, 0.00134], "South Africa": [11, 0.00122], "Florida": [11, 0.00122], "Wisconsin": [10, 0.00111], "Utah": [9, 0.001], "Belgium": [9, 0.001], "Croatia": [9, 0.001], "United Kingdom": [8, 0.00089], "Maryland": [8, 0.00089], "Switzerland": [7, 0.00078], "New York": [7, 0.00078], "Arizona": [7, 0.00078], "Netherlands": [7, 0.00078], "Austria": [6, 0.00067], "Texas": [6, 0.00067], "Bulgaria": [5, 0.00056], "Bermuda": [5, 0.00056], "District of Columbia": [5, 0.00056], "Turkey": [5, 0.00056], "Serbia": [5, 0.00056], "France": [5, 0.00056], "United Arab Emirates": [5, 0.00056], "Delaware": [4, 0.00045], "Hungary": [4, 0.00045], "Maine": [4, 0.00045], "Thailand": [4, 0.00045], "Georgia (Country)": [4, 0.00045], "Georgia (State)": [4, 0.00045], "Missouri": [3, 0.00033], "Lithuania": [3, 0.00033], "Illinois": [3, 0.00033], "West Virginia": [2, 0.00022], "Iowa": [2, 0.00022], "Massachusetts": [1, 0.00011], "South Dakota": [1, 0.00011], "Minnesota": [1, 0.00011], "Kansas": [1, 0.00011], "Gibraltar": [1, 0.00011], "Kosovo": [1, 0.00011], "New Mexico": [1, 0.00011], "Oklahoma": [1, 0.00011], "Indiana": [1, 0.00011], "Kentucky": [1, 0.00011]}